<?xml version="1.0"?>
<!--
/**
 * Copyright © 2015 Magento. All rights reserved.
 * See COPYING.txt for license details.
 */
-->
<config xmlns:xsi="http://www.w3.org/2001/XMLSchema-instance" xsi:noNamespaceSchemaLocation="urn:magento:framework:ObjectManager/etc/config.xsd">



    <type name="Magento\Framework\View\Element\UiComponent\DataProvider\CollectionFactory">
        <arguments>
            <argument name="collections" xsi:type="array">
                <item name="takaful_quotes_listing_data_source" xsi:type="string">FME\Takaful\Model\ResourceModel\Quickrfq\Grid\Collection</item>                
            </argument>
        </arguments>
    </type>

    <type name="FME\Takaful\Model\ResourceModel\Quickrfq\Grid\Collection">
        <arguments>
            <argument name="mainTable" xsi:type="string">FME_Takaful</argument>
            <argument name="eventPrefix" xsi:type="string">takaful_quote_grid_collection</argument>
            <argument name="eventObject" xsi:type="string">quote_grid_collection</argument>
            <argument name="resourceModel" xsi:type="string">FME\Takaful\Model\ResourceModel\Quickrfq</argument>
        </arguments>
    </type>





    
    <virtualType name="RfqGirdFilterPool" type="Magento\Framework\View\Element\UiComponent\DataProvider\FilterPool">
        <arguments>
            <argument name="appliers" xsi:type="array">
                <item name="regular" xsi:type="object">Magento\Framework\View\Element\UiComponent\DataProvider\RegularFilter</item>
                <item name="fulltext" xsi:type="object">Magento\Framework\View\Element\UiComponent\DataProvider\FulltextFilter</item>
            </argument>
        </arguments>
    </virtualType>
    
    <virtualType name="QuoteGridDataProvider" type="Magento\Framework\View\Element\UiComponent\DataProvider\DataProvider">
        <arguments>
            <argument name="collection" xsi:type="object" shared="false">FME\Takaful\Model\ResourceModel\Quickrfq\Collection</argument>
            <argument name="filterPool" xsi:type="object" shared="false">RfqGirdFilterPool</argument>
        </arguments>
    </virtualType>

    
</config>