<?xml version="1.0"?>
<!--
/**
 * Webkul Software.
 *
 * @category  Webkul
 * @package   Webkul_B2BMarketplace
 * @author    Webkul
 * @copyright Copyright (c) Webkul Software Private Limited (https://webkul.com)
 * @license   https://store.webkul.com/license.html
 */
-->
<config xmlns:xsi="http://www.w3.org/2001/XMLSchema-instance" xsi:noNamespaceSchemaLocation="urn:magento:framework:Acl/etc/acl.xsd">
    <acl>
        <resources>
            <resource id="Magento_Backend::admin">
                <resource id="Webkul_Marketplace::marketplace">
                    <resource id="Webkul_Marketplace::menu">
                        <resource id="Webkul_B2BMarketplace::rfq" title="Requested Quotes" sortOrder="20" >
                            <resource id="Webkul_B2BMarketplace::quote_index" title="Requested Quotes" sortOrder="1" />
                        </resource>
                    </resource>
                </resource>
            </resource>
        </resources>
    </acl>
</config>