<?xml version="1.0"?>
<!--
/**
 * Copyright © 2018 MageWorx. All rights reserved.
 * See LICENSE.txt for license details.
 */
-->
<config xmlns:xsi="http://www.w3.org/2001/XMLSchema-instance" xsi:noNamespaceSchemaLocation="urn:magento:framework:ObjectManager/etc/config.xsd">

    <!-- Add custom canonical fields to entities' UI forms -->
    <type name="Magento\Catalog\Model\Category\DataProvider">
        <plugin name="mageworx_custom_canonical_category_data_provider" type="MageWorx\SeoBase\Plugin\CustomCanonicalFormUpdate\AddToCategoryFormPlugin"/>
    </type>

    <!--<type name="Magento\Catalog\Ui\DataProvider\Product\Form\ProductDataProvider">-->
        <!--<plugin name="mageworx_custom_canonical_product_data_provider" type="MageWorx\SeoBase\Plugin\CustomCanonicalFormUpdate\AddToProductFormPlugin"/>-->
    <!--</type>-->

    <type name="Magento\Cms\Model\Page\DataProvider">
        <plugin name="mageworx_custom_canonical_cms_page_data_provider" type="MageWorx\SeoBase\Plugin\CustomCanonicalFormUpdate\AddToCmsPageFormPlugin"/>
    </type>
    <!-- /Add custom canonical fields to entities' UI forms -->

    <virtualType name="Magento\Catalog\Ui\DataProvider\Product\Form\Modifier\Pool">
        <arguments>
            <argument name="modifiers" xsi:type="array">
                <item name="customCanonical" xsi:type="array">
                    <item name="class" xsi:type="string">MageWorx\SeoBase\Ui\DataProvider\Product\Form\Modifier\CustomCanonical</item>
                    <item name="sortOrder" xsi:type="number">20</item>
                </item>
                <item name="preview_search_result" xsi:type="array">
                    <item name="class" xsi:type="string">MageWorx\SeoBase\Ui\DataProvider\Product\Form\Modifier\PreviewSearchResult</item>
                    <item name="sortOrder" xsi:type="number">60</item>
                </item>
            </argument>
        </arguments>
    </virtualType>


</config>